Alabama,2002,380805,499453,2812905,6,27,49,16.556,54.892,17.513
Alaska,2002,69400,62791,368460,2,5,5,24.4,83.68,13.838
Arizona,2002,485521,602265,3329482,16,51,86,32.411,85.3,25.683
Arkansas,2002,232986,302029,1687337,4,18,26,18.643,60.5,15.187
California,2002,3140739,3919577,21392421,53,259,410,16.995,66.052,19.184
Colorado,2002,385648,493921,2798960,10,51,83,26.412,102.912,29.573
Connecticut,2002,295157,323120,2235763,5,23,33,18.187,70.237,14.561
Delaware,2002,66477,88388,514059,1,7,11,16.101,73.802,21.171
District of Columbia,2002,33192,73655,372907,0,3,14,6.466,45.477,36.467
Florida,2002,1346297,1576278,11066322,26,108,220,19.419,68.276,19.887
Georgia,2002,748467,945489,5202846,13,50,108,16.771,52.588,20.79
Hawaii,2002,103803,122789,761280,2,7,9,17.017,55.153,11.654
Idaho,2002,128028,164566,794611,2,8,7,17.981,50.265,9.184
Illinois,2002,1082396,1380990,7825956,18,90,143,16.724,65.3,18.222
Indiana,2002,541577,704733,3788500,11,51,68,19.954,71.972,18
Iowa,2002,246347,351217,1847207,5,23,27,21.778,64.252,14.352
Kansas,2002,241178,319425,1645149,4,20,24,17.971,63.062,14.814
Kentucky,2002,327727,454574,2605898,7,30,50,20.456,65.857,19.306
Louisiana,2002,406965,537725,2668243,7,29,65,16.527,53.771,24.229
Maine,2002,108861,130511,869560,2,11,13,21.845,80.46,14.597
Maryland,2002,476696,536352,3466746,7,26,59,13.767,47.993,17.012
Massachusetts,2002,508325,672543,4201348,10,53,90,20.544,78.83,21.372
Michigan,2002,895753,1091376,6298792,19,68,128,20.767,62.648,20.267
Minnesota,2002,446545,572795,3154577,10,43,52,23.487,74.652,16.353
Mississippi,2002,257508,347410,1704672,3,15,30,11.802,41.753,17.535
Missouri,2002,491394,628542,3550250,10,45,80,20.329,71.861,22.654
Montana,2002,81697,103338,578710,2,8,9,25.136,72.961,16.165
Nebraska,2002,152465,204600,1058402,3,12,15,21.607,57.19,14.15
Nevada,2002,184670,215631,1379759,4,16,23,19.736,73.462,16.556
New Hampshire,2002,113457,129505,830689,3,13,16,26.646,101.698,18.944
New Jersey,2002,719658,791085,5586200,13,51,95,17.752,64.93,17.093
New Mexico,2002,176611,210636,1122984,5,21,20,28.077,100.343,18.141
New York,2002,1562426,2036478,12316861,22,141,248,14.14,69.253,20.154
North Carolina,2002,685632,875677,5204654,13,56,95,19.19,64.221,18.301
North Dakota,2002,54387,82312,389658,1,5,4,19.538,59.386,10.963
Ohio,2002,987986,1231294,7182193,17,86,135,16.917,69.882,18.828
Oklahoma,2002,302673,411137,2120890,6,25,27,18.575,59.92,12.731
Oregon,2002,297076,385140,2261755,6,28,39,19.104,72.46,17.076
Pennsylvania,2002,1028108,1290045,8009346,15,85,144,14.852,66.223,17.926
Rhode Island,2002,85295,126228,688500,2,15,17,20.978,120.488,24.973
South Carolina,2002,345629,458404,2574050,6,29,54,17.079,63.574,21.131
South Dakota,2002,69742,90990,459901,2,5,5,24.051,54.908,11.02
Tennessee,2002,473558,621828,3699537,9,38,66,18.46,60.755,17.968
Texas,2002,2018953,2512206,12788834,52,167,203,25.834,66.628,15.841
Utah,2002,229447,360378,1222045,3,17,15,15.171,47.791,12.122
Vermont,2002,53924,69851,403822,2,7,7,28.093,97.309,18.466
Virginia,2002,607438,739131,4560096,10,41,81,17.184,55.191,17.813
Washington,2002,528622,653701,3825493,9,47,49,17.713,71.495,12.922
West Virginia,2002,139163,194555,1197550,4,14,17,26.083,74.243,14.412
Wisconsin,2002,482686,620505,3425585,10,41,61,19.832,66.225,17.731
Wyoming,2002,45377,59114,310110,1,4,4,17.993,76.005,12.521
Alabama,2003,381563,503783,2834977,6,28,46,15.842,56.283,16.102
Alaska,2003,68492,69578,370098,1,6,5,20.778,87.204,13.873
Arizona,2003,498693,621802,3424675,14,54,83,27.566,86.417,24.154
Arkansas,2003,233184,306999,1703727,4,17,23,15.218,54.411,13.306
California,2003,3209345,3949889,21686129,52,267,417,16.061,67.505,19.236
Colorado,2003,388793,501011,2828830,8,45,75,19.641,90.131,26.407
Connecticut,2003,295229,336200,2259754,5,27,32,18.072,81.489,14.086
Delaware,2003,67658,90513,522123,1,7,10,14.715,72.753,18.925
District of Columbia,2003,33384,70483,367787,0,3,11,5.653,40.9,28.989
Florida,2003,1376459,1658368,11277251,22,120,217,16.342,72.52,19.256
Georgia,2003,763519,967105,5276693,11,43,102,14.329,44.083,19.363
Hawaii,2003,100549,121734,791438,1,7,10,12.972,53.682,12.121
Idaho,2003,127839,168848,815805,2,8,9,18.538,49.131,11.189
Illinois,2003,1089901,1400520,7863343,16,87,150,14.291,61.964,19.105
Indiana,2003,546518,711380,3816240,10,48,64,17.456,66.841,16.692
Iowa,2003,243608,354296,1860596,4,22,28,16.858,62.853,15.106
Kansas,2003,237856,324390,1655732,4,20,22,15.529,61.717,13.026
Kentucky,2003,336908,453011,2611452,6,30,48,16.738,67.116,18.421
Louisiana,2003,403315,543941,2685275,6,31,53,13.654,57.38,19.797
Maine,2003,109954,134241,875886,2,13,14,20.315,96.062,15.553
Maryland,2003,485901,556047,3492188,6,32,63,12.128,57.207,17.969
Massachusetts,2003,512838,676402,4189790,9,57,82,17.098,83.915,19.681
Michigan,2003,902553,1108787,6328980,14,70,125,15.66,63.244,19.788
Minnesota,2003,442828,587599,3185052,8,38,46,18.719,63.848,14.31
Mississippi,2003,256982,349332,1720516,3,15,28,12.234,44.085,16.389
Missouri,2003,490972,642988,3583670,10,48,65,19.915,73.878,18.273
Montana,2003,79960,106615,588167,1,7,9,18.694,66.513,15.313
Nebraska,2003,150669,208757,1065283,2,13,14,16.427,60.937,13.529
Nevada,2003,192336,228424,1437719,3,14,20,15.123,60.195,13.733
New Hampshire,2003,114731,134285,839848,2,13,16,20.507,97.34,18.484
New Jersey,2003,733853,816302,5595385,11,48,86,14.527,58.683,15.305
New Mexico,2003,175489,218107,1142829,5,21,22,27.672,97.727,19.345
New York,2003,1571709,2047533,12344264,22,156,225,13.863,76.01,18.262
North Carolina,2003,701982,889092,5275688,9,44,83,12.36,48.985,15.661
North Dakota,2003,52643,82943,392000,1,5,4,17.942,55.6,11.194
Ohio,2003,983181,1251526,7227097,13,75,114,13.251,59.86,15.73
Oklahoma,2003,296942,415680,2144532,5,27,27,17.478,64.782,12.74
Oregon,2003,297247,392447,2296726,5,26,35,17.157,66.042,15.308
Pennsylvania,2003,1034227,1315867,8027780,17,95,160,16.775,72.473,19.975
Rhode Island,2003,87330,127440,690482,2,14,16,19.328,108.77,23.654
South Carolina,2003,356468,460716,2594007,7,30,46,19.457,65.493,17.775
South Dakota,2003,68362,93146,464319,1,5,5,18.187,55.313,11.427
Tennessee,2003,475614,636601,3743398,7,34,62,15.571,54.156,16.43
Texas,2003,2038642,2577160,12992311,50,158,216,24.457,61.39,16.632
Utah,2003,229590,356134,1248593,3,18,18,13.712,50.268,14.691
Vermont,2003,53561,70579,408025,1,7,7,21.168,102.593,16.116
Virginia,2003,617003,757538,4614672,8,45,89,13.387,59.707,19.198
Washington,2003,527419,676016,3890656,10,52,53,18.052,77.143,13.615
West Virginia,2003,138269,195092,1205827,3,17,19,22.364,85.855,15.804
Wisconsin,2003,478926,633007,3459808,11,46,66,22.503,72.009,19.21
Wyoming,2003,43883,60860,315000,1,5,4,16.939,80.33,12.805
Alabama,2004,380150,506120,2871062,6,31,43,15.926,60.775,15.039
Alaska,2004,68162,73462,373429,1,5,6,19.52,74.081,17.152
Arizona,2004,510698,643907,3549522,12,48,66,22.733,75.131,18.628
Arkansas,2004,232095,310177,1729803,4,20,23,16.42,62.876,13.2
California,2004,3290671,3974135,21850567,52,251,322,15.881,63.122,14.729
Colorado,2004,392822,506705,2865042,7,44,54,18.606,86.75,18.944
Connecticut,2004,299013,344048,2265842,6,29,39,19.419,84.328,17.225
Delaware,2004,67454,92253,534950,1,7,9,14.018,74.483,17.428
District of Columbia,2004,34350,65197,364207,0,4,12,5.225,57.81,32.289
Florida,2004,1404055,1719548,11530104,25,139,223,17.705,80.754,19.298
Georgia,2004,775954,990545,5412379,10,41,80,12.709,41.489,14.775
Hawaii,2004,100585,123191,796942,2,7,11,15.016,54.883,14.328
Idaho,2004,127552,172734,841609,2,11,10,17.009,62.898,11.644
Illinois,2004,1099965,1406715,7910382,14,82,145,13.158,58,18.333
Indiana,2004,549720,709599,3856681,8,53,58,14.933,74.629,15.156
Iowa,2004,240059,353384,1883725,4,19,23,17.037,53.543,12.116
Kansas,2004,233656,327533,1673455,4,22,30,16.512,68.225,17.907
Kentucky,2004,336219,453022,2645240,5,31,47,16.298,68.975,17.944
Louisiana,2004,398611,545993,2712415,5,26,43,11.935,48.435,15.694
Maine,2004,108414,137266,884793,2,12,14,18.945,90.703,15.336
Maryland,2004,492847,571917,3512136,6,33,65,12.091,57.804,18.399
Massachusetts,2004,511301,676924,4186567,10,68,81,19.059,100.473,19.238
Michigan,2004,907902,1111809,6354775,14,77,107,15.461,69.657,16.898
Minnesota,2004,437674,597384,3220581,8,44,46,17.543,73.176,14.235
Mississippi,2004,255659,348523,1747645,3,16,28,13.421,46.58,15.989
Missouri,2004,486907,653900,3636194,8,53,56,17.015,81.682,15.329
Montana,2004,77617,108976,599979,1,9,8,16.474,80.355,13.83
Nebraska,2004,148189,210903,1077324,2,15,14,16.237,72.2,13.128
Nevada,2004,201110,239773,1493077,3,16,18,16.092,64.839,12.163
New Hampshire,2004,115243,136890,849273,2,12,11,18.494,89.49,13.085
New Jersey,2004,745809,832522,5605723,12,52,82,16.351,62.084,14.547
New Mexico,2004,173285,224690,1167618,4,16,17,21.447,70.452,14.77
New York,2004,1584677,2050011,12371557,24,151,223,15.406,73.502,18.057
North Carolina,2004,715542,897851,5379787,9,51,82,13.053,56.321,15.179
North Dakota,2004,50426,82738,398634,1,4,4,16.961,46.801,11.223
Ohio,2004,980119,1257858,7263612,12,70,108,12.325,55.743,14.838
Oklahoma,2004,292067,418925,2171414,5,26,26,16.702,61.191,11.959
Oregon,2004,297935,396541,2331124,5,26,32,16.562,64.831,13.844
Pennsylvania,2004,1035623,1322980,8059411,16,101,139,15.182,76.417,17.259
Rhode Island,2004,88122,125374,691117,2,12,14,18.496,96.766,19.939
South Carolina,2004,358954,464027,2642693,6,29,46,16.216,63.466,17.328
South Dakota,2004,66529,94332,472172,1,5,5,16.232,50.186,11.284
Tennessee,2004,477163,642419,3799709,7,40,63,15.138,62.665,16.699
Texas,2004,2052845,2628020,13267576,49,175,206,24.081,66.691,15.501
Utah,2004,226903,358089,1304188,4,19,22,18.802,53.818,16.535
Vermont,2004,52660,70932,411991,1,7,7,20.145,103.594,16.892
Virginia,2004,622210,774068,4680347,9,55,83,13.947,70.787,17.703
Washington,2004,527538,692546,3955836,8,59,56,15.67,84.586,14.124
West Virginia,2004,136919,192780,1215454,3,20,21,21.568,102.62,17.011
Wisconsin,2004,472397,638835,3502106,9,44,52,19.085,69.063,14.733
Wyoming,2004,42257,61866,321211,1,4,4,18.018,67.608,12.655
Alabama,2005,384026,504331,2899055,5,31,48,14.212,61.882,16.429
Alaska,2005,66349,74227,382565,1,5,7,17.14,68.659,18.178
Arizona,2005,522702,660913,3704157,11,54,69,21.541,81.492,18.583
Arkansas,2005,233328,306500,1755313,4,21,25,16.494,67.844,14.051
California,2005,3293484,4085207,22046720,55,270,328,16.548,66.146,14.878
Colorado,2005,389561,513260,2938592,8,43,57,19.414,84.259,19.228
Connecticut,2005,299315,349035,2272942,6,31,43,19.706,89.45,19.009
Delaware,2005,69102,92344,541851,1,6,9,14.745,68.711,17.383
District of Columbia,2005,36509,71305,369695,0,5,19,6.09,65.365,50.747
Florida,2005,1405376,1765323,11819668,24,141,234,16.935,79.904,19.803
Georgia,2005,800536,1007170,5604242,12,51,90,14.431,50.263,15.98
Hawaii,2005,101214,124633,806534,1,6,11,14.105,52.03,13.387
Idaho,2005,130072,171005,869082,2,12,9,16.78,67.546,10.783
Illinois,2005,1100792,1422772,7966227,17,90,137,15.65,63.068,17.194
Indiana,2005,546441,702749,3913195,9,50,56,15.679,70.741,14.41
Iowa,2005,244036,348756,1887732,4,20,19,18.385,57.635,10.26
Kansas,2005,234307,324975,1685072,4,25,38,17.241,75.452,22.463
Kentucky,2005,339347,443407,2675718,5,30,38,16.079,66.539,14.273
Louisiana,2005,385359,523857,2663520,4,27,43,11.488,51.894,16.137
Maine,2005,107149,133984,891125,2,10,12,17.327,77.037,13.579
Maryland,2005,488407,582701,3545971,7,33,56,13.762,56.309,15.81
Massachusetts,2005,510948,693784,4187314,9,69,108,17.444,98.797,25.733
Michigan,2005,901407,1105696,6379828,14,73,94,15.084,66.401,14.791
Minnesota,2005,437254,593399,3249410,8,41,49,18.426,69.643,15.153
Mississippi,2005,257913,339363,1758458,3,15,27,11.772,42.973,15.594
Missouri,2005,490572,648988,3671275,8,45,53,16.904,68.774,14.537
Montana,2005,77917,107581,605606,1,9,10,16.674,87.225,15.789
Nebraska,2005,148761,210037,1083695,2,16,16,15.845,74.693,14.504
Nevada,2005,206623,246089,1551580,4,16,21,19.195,66.758,13.618
New Hampshire,2005,113655,136775,860562,2,13,12,18.771,96.824,14.186
New Jersey,2005,741478,844005,5639515,12,54,86,16.336,63.745,15.179
New Mexico,2005,173970,226724,1183171,3,16,17,18.988,72.145,14.729
New York,2005,1587906,2106543,12383739,24,155,273,14.812,73.407,22.082
North Carolina,2005,723206,900033,5515308,10,63,94,14.479,69.981,17.021
North Dakota,2005,50524,84579,394935,1,4,3,15.551,45.219,8.852
Ohio,2005,977997,1249533,7288639,15,83,129,15.032,66.26,17.658
Oklahoma,2005,295821,415188,2187319,5,23,28,15.513,55.801,12.645
Oregon,2005,297574,395092,2383671,6,23,28,18.931,59.364,11.863
Pennsylvania,2005,1029986,1325571,8088579,15,89,128,14.437,67.329,15.764
Rhode Island,2005,87162,125832,687555,2,12,18,19.067,96.296,26.525
South Carolina,2005,361860,461761,2698757,4,27,46,12.423,59.093,17.156
South Dakota,2005,66214,92864,477378,1,5,5,16.412,55.859,10.253
Tennessee,2005,486247,634563,3851545,7,49,80,15.095,77.397,20.74
Texas,2005,2083455,2674678,13620520,43,187,222,20.579,69.998,16.284
Utah,2005,233270,364626,1353274,4,21,21,18.8,57.911,15.222
Vermont,2005,51757,70705,414171,1,7,8,19.586,96.033,18.865
Virginia,2005,621149,782661,4767472,9,60,79,15.146,76.06,16.561
Washington,2005,532240,686791,4037966,10,60,61,17.89,86.904,15.013
West Virginia,2005,136941,188109,1219878,3,18,20,20.495,97.234,16.278
Wisconsin,2005,469879,631978,3530390,8,37,39,16.476,58.198,11.045
Wyoming,2005,42307,60899,324179,1,5,4,17.891,75.162,13.74
Alabama,2006,386639,500168,2919719,5,25,45,13.287,50.542,15.29
Alaska,2006,64383,74321,395433,1,6,8,14.503,78.515,20.749
Arizona,2006,531706,667551,3852843,13,56,90,24.444,84.592,23.399
Arkansas,2006,234358,298001,1778618,3,20,27,14.862,67.928,15.383
California,2006,3251070,4216574,22275311,56,281,389,17.216,66.745,17.466
Colorado,2006,387286,516885,3028921,8,45,70,20.49,87.379,23.063
Connecticut,2006,296415,352612,2273192,5,26,39,17.453,75.013,17.055
Delaware,2006,70333,91979,547985,1,6,11,13.246,63.139,20.082
District of Columbia,2006,37965,82030,377906,0,5,20,7.523,57.231,52.488
Florida,2006,1389340,1778827,12041147,23,124,202,16.519,69.974,16.792
Georgia,2006,822659,1001876,5761385,12,58,124,14.757,57.588,21.588
Hawaii,2006,99465,126140,819708,1,7,12,14.106,56.747,14.489
Idaho,2006,132866,165315,893079,2,10,9,14.192,59.6,10.387
Illinois,2006,1094265,1433731,8011425,16,90,145,15.013,62.606,18.097
Indiana,2006,539431,689525,3967335,8,44,61,14.162,64.437,15.35
Iowa,2006,248086,343994,1882850,4,20,21,14.419,56.959,11.175
Kansas,2006,235408,322138,1693284,4,22,25,17.282,67.092,14.546
Kentucky,2006,341772,430183,2710811,5,30,38,15.422,69.326,14.084
Louisiana,2006,372138,505392,2604053,4,31,53,10.804,61.746,20.45
Maine,2006,105652,127761,894906,2,10,14,15.127,81.008,15.309
Maryland,2006,478466,589416,3571216,6,34,69,13.531,57.957,19.216
Massachusetts,2006,510890,716472,4200845,8,59,96,15.266,82.989,22.782
Michigan,2006,888059,1095038,6401469,10,68,93,11.64,61.834,14.58
Minnesota,2006,436903,582894,3276237,8,35,54,17.363,59.868,16.58
Mississippi,2006,259663,330771,1756337,2,12,24,8.176,37.557,13.465
Missouri,2006,494026,633170,3701021,8,38,59,15.9,60.787,15.896
Montana,2006,79003,105557,611324,1,9,9,14.319,80.862,14.803
Nebraska,2006,149456,209102,1085658,2,12,14,12.434,58.342,12.689
Nevada,2006,211067,243884,1609285,4,16,27,20.57,66.161,16.926
New Hampshire,2006,111310,134161,868239,2,12,15,17.19,91.045,17.069
New Jersey,2006,727090,852072,5662105,10,48,80,13.145,56.052,14.149
New Mexico,2006,172181,226537,1198968,4,17,23,21.428,77.061,19.489
New York,2006,1579916,2179143,12397704,21,154,274,13.165,70.581,22.069
North Carolina,2006,728599,907260,5664014,9,62,106,12.693,68.36,18.757
North Dakota,2006,50947,88579,388842,1,4,4,13.167,47.265,10.989
Ohio,2006,971766,1226839,7315244,14,90,135,14.479,73.631,18.495
Oklahoma,2006,299621,410759,2202862,4,22,28,14.517,53.258,12.611
Oregon,2006,297325,387123,2436662,6,26,42,19.492,66.391,17.259
Pennsylvania,2006,1018244,1324878,8099649,14,80,120,13.372,60.24,14.806
Rhode Island,2006,85339,127016,683457,2,12,22,20.009,98.399,32.783
South Carolina,2006,362886,457237,2759373,4,26,43,11.774,56.74,15.736
South Dakota,2006,66722,91328,484977,1,5,6,12.132,54.732,11.385
Tennessee,2006,496587,620435,3921118,7,52,80,14.857,83.136,20.466
Texas,2006,2105817,2699382,13969152,43,156,233,20.397,57.928,16.687
Utah,2006,243193,370864,1398474,3,22,20,13.852,59.662,14.281
Vermont,2006,50946,68687,415768,1,7,8,15.856,104.732,19.788
Virginia,2006,617354,798995,4833297,9,64,92,15,79.88,19.036
Washington,2006,534929,672222,4127451,10,52,75,18.562,77.624,18.087
West Virginia,2006,136317,181656,1221268,2,15,19,15.685,82.734,15.591
Wisconsin,2006,467728,619449,3562535,8,42,59,17.004,68.015,16.548
Wyoming,2006,42925,59433,327096,1,5,5,15.969,81.63,15.737
Alabama,2007,383012,499641,2945019,4,20,36,10.322,39.479,12.175
Alaska,2007,62685,75733,402686,1,6,10,17.14,78.195,23.837
Arizona,2007,537098,672122,3970487,11,53,96,20.627,79.478,24.222
Arkansas,2007,232677,293615,1798383,3,16,29,12.307,54.446,15.952
California,2007,3209102,4257978,22463775,51,261,367,15.85,61.256,16.316
Colorado,2007,387018,520149,3099040,8,54,84,20.721,104.029,27.215
Connecticut,2007,292219,356482,2270009,5,23,39,16.193,64.365,16.973
Delaware,2007,69899,92374,555898,1,6,12,11.184,66.75,21.677
District of Columbia,2007,37001,84647,382077,0,5,16,5.966,54.765,42.654
Florida,2007,1368710,1777472,12159193,20,99,186,14.668,55.531,15.327
Georgia,2007,824664,999107,5874242,9,49,102,10.862,48.631,17.427
Hawaii,2007,95794,128777,828347,1,7,14,15.275,55.002,16.523
Idaho,2007,132932,163520,913888,2,9,8,14.132,52.301,8.318
Illinois,2007,1082534,1442935,8046718,13,74,133,11.709,51.219,16.569
Indiana,2007,535015,677663,4001008,7,43,64,13.011,63.822,15.875
Iowa,2007,244378,340717,1894591,3,14,13,11.354,41.571,6.888
Kansas,2007,232244,321431,1708875,3,19,18,14.25,57.721,10.28
Kentucky,2007,339631,425520,2745161,4,25,35,12.891,59.906,12.585
Louisiana,2007,370852,513946,2648484,4,26,63,9.517,51.336,23.778
Maine,2007,102760,125395,897986,1,10,16,13.37,78.49,17.782
Maryland,2007,469557,598009,3582541,5,29,63,10.346,48.269,17.675
Massachusetts,2007,506225,733229,4219456,7,47,64,13.374,63.518,15.177
Michigan,2007,869168,1086307,6405116,10,68,101,11.347,62.458,15.768
Minnesota,2007,429517,576248,3308617,7,37,57,15.626,63.755,17.255
Mississippi,2007,256834,329777,1764673,2,10,18,6.572,31.554,10.087
Missouri,2007,488564,623849,3738674,6,37,54,13.27,59.644,14.362
Montana,2007,78003,105436,621245,1,8,9,12.863,77.159,14.578
Nebraska,2007,147219,208669,1092664,2,10,10,12.084,45.601,9.084
Nevada,2007,213693,241972,1646368,5,17,31,21.226,69.532,19.044
New Hampshire,2007,109279,132548,872225,2,10,13,14.783,72.242,15.149
New Jersey,2007,715118,858459,5652902,9,44,72,11.887,50.874,12.687
New Mexico,2007,167079,226011,1217991,3,14,15,16.52,63.931,12.691
New York,2007,1559314,2218415,12500501,20,143,261,12.508,64.631,20.877
North Carolina,2007,730031,926614,5782173,8,57,128,10.589,61.232,22.094
North Dakota,2007,49767,89213,391328,1,4,3,10.729,42.105,8.632
Ohio,2007,956958,1210200,7350420,12,71,97,12.27,58.588,13.191
Oklahoma,2007,295908,408764,2229744,4,19,22,13.858,47.686,9.704
Oregon,2007,295639,383360,2477185,5,34,63,16.106,88.134,25.414
Pennsylvania,2007,998611,1325852,8116495,14,81,134,13.856,61.341,16.462
Rhode Island,2007,83372,126249,680188,1,13,23,16.264,100.485,33.242
South Carolina,2007,359862,460337,2817192,4,26,54,10.513,57.395,19.306
South Dakota,2007,66089,90910,494494,1,4,4,10.751,45.602,7.518
Tennessee,2007,496878,616545,3996018,6,42,76,11.553,67.902,18.985
Texas,2007,2107904,2702238,14256754,35,138,210,16.396,51.066,14.76
Utah,2007,248473,374336,1458451,3,20,15,13.56,52.184,10.198
Vermont,2007,49626,68089,417049,1,7,8,13.129,105.06,19.696
Virginia,2007,612162,820128,4873378,8,49,79,13.133,59.545,16.11
Washington,2007,528584,673412,4199736,8,46,71,15.208,67.938,16.99
West Virginia,2007,134149,177189,1224679,2,14,23,13.429,78.709,18.743
Wisconsin,2007,460365,613671,3601989,7,46,84,15.769,75.441,23.203
Wyoming,2007,42535,59260,332809,1,4,3,14.123,62.04,10.269
Alabama,2008,379377,505718,2974610,3,17,33,7.569,34.392,11.111
Alaska,2008,60678,77131,409778,1,6,10,14.459,73.797,23.906
Arizona,2008,538865,686141,4050064,7,47,68,13.783,69.123,16.814
Arkansas,2008,231516,295741,1818264,2,10,21,8.895,35.18,11.631
California,2008,3147890,4329856,22568441,44,241,352,13.912,55.71,15.601
Colorado,2008,384709,527605,3153539,5,47,81,13.726,89.401,25.627
Connecticut,2008,287870,363648,2276860,4,23,34,12.584,62.514,14.879
Delaware,2008,68911,93807,564013,1,6,11,9.11,64.001,18.703
District of Columbia,2008,35726,86607,385608,0,4,14,4.336,51.417,37.588
Florida,2008,1348640,1804515,12261205,14,85,179,10.519,47.033,14.56
Georgia,2008,822696,1013813,5963681,7,40,71,8.095,39.303,11.985
Hawaii,2008,93198,131005,828273,1,6,12,12.456,43.937,14.002
Idaho,2008,132962,164370,930335,2,7,7,12.449,45.157,7.502
Illinois,2008,1065750,1461607,8068047,11,68,124,9.862,46.43,15.337
Indiana,2008,529845,679069,4034745,6,34,47,10.912,49.72,11.764
Iowa,2008,240105,339894,1905387,3,12,13,11.132,36.44,6.648
Kansas,2008,229136,321796,1723761,3,16,16,11.13,49.723,9.368
Kentucky,2008,336896,428585,2771834,3,19,26,10.244,43.73,9.317
Louisiana,2008,370950,523818,2716104,3,25,56,8.429,47.748,20.759
Maine,2008,99629,125205,902774,1,10,15,11.332,76.657,16.867
Maryland,2008,459954,611079,3612130,4,25,45,8.702,40.274,12.373
Massachusetts,2008,498720,758227,4263188,6,54,75,11.764,71.615,17.636
Michigan,2008,842712,1086902,6402870,9,62,95,10.532,57.399,14.91
Minnesota,2008,421196,574322,3344152,5,29,43,11.208,51.352,12.728
Mississippi,2008,252527,331040,1778519,2,10,20,6.28,31.461,11.365
Missouri,2008,482442,626322,3786858,5,36,58,10.014,57.447,15.227
Montana,2008,76196,105444,629651,1,8,10,11.676,76.043,15.806
Nebraska,2008,144863,208854,1100620,2,10,12,11.031,46.078,10.598
Nevada,2008,214026,246764,1668924,3,17,30,15.019,67.209,17.941
New Hampshire,2008,106508,133724,880070,1,12,17,12.311,89.66,19.788
New Jersey,2008,702953,871610,5658877,7,43,75,10.376,49.317,13.265
New Mexico,2008,163513,227941,1230799,2,15,18,12.966,65.519,14.741
New York,2008,1535172,2262614,12574826,17,165,254,10.861,73.087,20.194
North Carolina,2008,727969,947518,5878891,7,46,105,9.289,49.036,17.909
North Dakota,2008,48559,88745,395073,1,3,3,10.491,37.83,6.77
Ohio,2008,939669,1213022,7401492,10,55,77,10.244,45.12,10.468
Oklahoma,2008,293240,409494,2253581,3,19,22,11.389,47.03,9.697
Oregon,2008,292301,386957,2507377,4,31,49,12.327,80.442,19.538
Pennsylvania,2008,980441,1342616,8192882,11,79,149,10.849,58.599,18.202
Rhode Island,2008,81128,127468,679594,1,12,22,12.796,93.927,31.691
South Carolina,2008,356186,469765,2872669,3,23,75,8.335,49.714,26.208
South Dakota,2008,64983,90798,500732,1,4,4,9.518,39.079,7.092
Tennessee,2008,494043,622376,4049989,5,27,50,9.327,43.119,12.291
Texas,2008,2113980,2737418,14523007,25,139,203,11.597,50.885,13.97
Utah,2008,252460,376060,1500232,3,16,12,11.627,41.42,7.997
Vermont,2008,47705,68523,419240,1,7,9,12.247,101.738,20.471
Virginia,2008,604833,835958,4928699,6,41,64,10.241,49.454,12.969
Washington,2008,522369,685351,4262578,6,43,65,12.003,62.419,15.149
West Virginia,2008,132189,176668,1229556,1,14,24,10.502,76.547,19.267
Wisconsin,2008,450304,615402,3632151,5,45,77,11.895,72.731,21.33
Wyoming,2008,42168,60175,339021,0,3,3,11.269,52.456,8.297
Alabama,2009,375942,515510,2993410,3,13,24,6.722,26.142,8.094
Alaska,2009,58753,81679,414553,1,5,8,8.82,59.048,18.125
Arizona,2009,538672,698979,4111148,6,39,59,11.118,56.194,14.435
Arkansas,2009,231881,301928,1833369,2,9,16,8.511,28.362,8.957
California,2009,3101979,4325900,22773074,40,244,352,12.775,56.414,15.478
Colorado,2009,381533,549726,3192744,4,46,75,11.5,84.428,23.605
Connecticut,2009,283906,375156,2285109,3,19,28,10.376,51.272,12.062
Delaware,2009,67805,94200,572665,1,5,8,8.683,48.838,14.067
District of Columbia,2009,34683,86622,392811,0,4,12,3.803,42.613,31.289
Florida,2009,1336737,1850052,12361513,12,93,182,8.769,50.496,14.722
Georgia,2009,820145,1050786,6022823,6,36,69,6.837,34.194,11.478
Hawaii,2009,91104,131160,827725,1,6,10,8.722,43.569,12.192
Idaho,2009,131965,171302,939631,1,6,6,10.319,35.455,6.299
Illinois,2009,1053276,1460312,8097288,9,65,109,8.586,44.785,13.426
Indiana,2009,525525,701086,4047093,5,24,33,8.991,33.65,8.183
Iowa,2009,236022,350071,1908202,3,11,12,11.157,30.25,6.477
Kansas,2009,226545,330970,1730522,2,15,19,10.7,45.572,10.847
Kentucky,2009,334420,446645,2781361,4,17,25,10.498,37.064,8.904
Louisiana,2009,367519,527254,2756163,3,19,38,7.203,36.833,13.893
Maine,2009,96374,128182,903556,1,9,13,10.515,69.353,13.923
Maryland,2009,452038,616208,3653639,4,26,54,8.03,42.755,14.829
Massachusetts,2009,494016,766014,4324616,5,62,99,9.906,81.198,22.811
Michigan,2009,822105,1097830,6398696,7,50,81,8.635,45.406,12.691
Minnesota,2009,413410,583280,3372460,4,21,30,9.056,36.548,8.782
Mississippi,2009,248816,336097,1784646,2,11,25,6.103,34.022,14.286
Missouri,2009,476436,643637,3819620,4,29,50,9.207,45.796,13.011
Montana,2009,73735,110260,633252,1,6,8,10.31,57.553,12.542
Nebraska,2009,142549,214428,1106278,1,8,11,10.159,38.891,9.587
Nevada,2009,212438,257198,1680228,2,17,33,10.551,65.878,19.348
New Hampshire,2009,103281,140176,883622,1,12,18,10.756,86.348,19.835
New Jersey,2009,695052,873788,5686972,6,52,102,9.274,59.868,17.884
New Mexico,2009,161555,228756,1244885,2,15,22,12.926,67.454,17.711
New York,2009,1509858,2236966,12648267,15,144,211,9.658,64.245,16.693
North Carolina,2009,723670,986404,5935653,6,43,90,8.334,43.686,15.129
North Dakota,2009,47211,92922,397148,0,2,2,9.972,26.897,5.76
Ohio,2009,924820,1214036,7442306,9,50,83,9.554,41.173,11.143
Oklahoma,2009,292084,419077,2272080,3,17,21,10.462,40.179,9.207
Oregon,2009,288096,401242,2525156,4,25,34,12.38,62.508,13.396
Pennsylvania,2009,962444,1360835,8272159,8,70,128,8.81,51.684,15.521
Rhode Island,2009,79655,129145,684072,1,10,15,10.689,74.112,22.585
South Carolina,2009,352096,480982,2912325,2,20,57,6.775,41.352,19.469
South Dakota,2009,63682,93602,505557,1,3,4,8.771,32.714,7.792
Tennessee,2009,491069,646257,4079971,4,19,40,9.075,29.87,9.809
Texas,2009,2125058,2813275,14745138,24,132,191,11.281,47.032,12.967
Utah,2009,254680,379390,1528461,3,13,13,10.79,34.27,8.318
Vermont,2009,45631,72557,419057,1,7,9,12.201,99.587,20.63
Virginia,2009,598313,865844,4976551,5,43,70,8.49,49.853,14.151
Washington,2009,516464,706882,4324124,5,45,67,10.548,63.06,15.423
West Virginia,2009,130503,183731,1227612,1,11,17,9.465,58.616,13.557
Wisconsin,2009,440921,634912,3641561,4,38,53,10.045,59.298,14.532
Wyoming,2009,41288,62918,342522,0,3,3,9.923,45.034,8.654
Alabama,2010,386718,535455,3052348,3,13,32,6.677,24.98,10.345
Alaska,2010,61192,77636,424976,1,4,5,8.866,46.093,11.136
Arizona,2010,535234,700156,4014024,5,34,55,10.239,48.433,13.74
Arkansas,2010,234810,316170,1851278,2,9,16,8.564,27.662,8.879
California,2010,3195149,4379387,23321879,42,243,292,13.138,55.587,12.512
Colorado,2010,395318,548890,3212230,5,47,46,11.871,85.651,14.468
Connecticut,2010,293487,364200,2350212,3,23,31,9.611,64.114,13.215
Delaware,2010,69567,99853,583371,1,5,7,8.543,48.759,12.797
District of Columbia,2010,31644,98663,399778,0,4,11,3.167,44.609,27.064
Florida,2010,1383191,1933760,12708633,12,101,146,8.33,52.005,11.516
Georgia,2010,821577,1066108,5997840,5,27,66,6.148,25.166,10.995
Hawaii,2010,99395,134011,878476,1,5,10,8.201,39.569,11.008
Idaho,2010,137928,172570,956472,1,5,8,8.391,28.643,8.228
Illinois,2010,1069760,1393734,8165781,10,65,114,9.02,46.91,13.985
Indiana,2010,540996,726313,4081667,4,22,36,7.764,29.761,8.89
Iowa,2010,241547,344598,1944254,2,12,15,8.88,33.482,7.723
Kansas,2010,235977,319632,1761207,2,13,20,10.001,39.92,11.27
Kentucky,2010,340083,456240,2789768,3,16,29,8.733,34.713,10.3
Louisiana,2010,368184,525362,2810803,2,16,34,6.597,30.012,12.159
Maine,2010,98025,129424,913496,1,8,11,9.414,60.046,11.964
Maryland,2010,464119,622291,3742499,3,24,45,6.39,38.386,12.029
Massachusetts,2010,498579,763633,4320664,5,47,61,10.236,61.969,14.042
Michigan,2010,826549,1088897,6365041,7,44,76,9.041,40.352,11.922
Minnesota,2010,426996,571065,3419350,3,22,32,7.879,38.295,9.275
Mississippi,2010,249977,333665,1819793,2,7,21,6.827,21.418,11.339
Missouri,2010,478541,653980,3823426,4,25,41,8.873,37.703,10.83
Montana,2010,74688,106003,651403,1,5,6,10.591,43.654,9.15
Nebraska,2010,146828,205186,1143103,1,8,11,9.84,40.295,9.511
Nevada,2010,219015,279716,1733566,2,15,22,11.094,51.862,12.548
New Hampshire,2010,104712,137371,883019,1,10,10,10.196,74.522,11.603
New Jersey,2010,717188,866637,5785457,6,51,83,8.816,59.2,14.368
New Mexico,2010,170679,225076,1293249,2,14,20,13.751,61.253,15.404
New York,2010,1497645,2236959,12651349,12,112,184,8.258,50.015,14.524
North Carolina,2010,752637,1007676,6102077,7,41,77,8.83,40.842,12.63
North Dakota,2010,49024,89035,423460,0,2,3,7.4,25.806,7.091
Ohio,2010,938484,1227142,7436917,8,48,83,8.306,38.831,11.185
Oklahoma,2010,301684,420490,2336963,3,15,24,9.106,35.876,10.354
Oregon,2010,291949,408353,2544311,4,28,34,12.412,68.473,13.224
Pennsylvania,2010,977609,1402639,8359212,8,66,104,7.979,46.954,12.443
Rhode Island,2010,79365,132016,682132,1,9,11,9.914,71.15,16.366
South Carolina,2010,356898,510126,2966560,2,15,40,6.71,30.348,13.402
South Dakota,2010,64595,90572,509409,1,2,4,8.017,26.837,7.727
Tennessee,2010,502882,675875,4110667,4,22,46,8.02,32.539,11.178
Texas,2010,2243713,2871691,15188973,26,122,156,11.561,42.603,10.258
Utah,2010,262463,362693,1532125,2,14,17,9.231,37.474,10.782
Vermont,2010,46814,72220,420783,1,6,5,12.769,89.815,13.014
Virginia,2010,620009,874464,5117877,5,37,52,7.891,42.278,10.148
Washington,2010,531313,729323,4373484,5,42,55,10.116,57.572,12.549
West Virginia,2010,131816,188497,1252067,1,9,14,10.672,48.441,11.149
Wisconsin,2010,455693,617748,3678180,4,30,37,8.804,49.097,10.156
Wyoming,2010,42751,62674,358902,0,3,3,8.336,40.105,8.843
Alabama,2011,385060,536921,3073532,3,14,31,6.692,26.832,10.054
Alaska,2011,60614,80497,432040,1,4,5,8.824,49.826,12.387
Arizona,2011,537268,709377,4077362,5,40,62,9.982,56.627,15.236
Arkansas,2011,235330,317333,1864363,2,10,20,7.373,32.248,10.98
California,2011,3156459,4427350,23658234,34,256,305,10.839,57.8,12.885
Colorado,2011,397449,556502,3270160,4,49,49,10.894,88.32,14.853
Connecticut,2011,290956,369988,2363818,2,25,31,8.483,67.069,13.125
Delaware,2011,69055,101269,590737,1,5,9,7.44,52.702,14.391
District of Columbia,2011,31373,96533,411604,0,5,11,3.355,48.809,27.791
Florida,2011,1381693,1959129,12916437,9,104,165,6.551,53.104,12.767
Georgia,2011,824731,1085263,6074730,5,36,84,6.383,32.94,13.836
Hawaii,2011,97800,138119,887821,1,6,12,7.43,43.818,13.545
Idaho,2011,139014,173198,969335,1,6,9,6.92,34.741,8.871
Illinois,2011,1057464,1393927,8215103,8,58,125,7.413,41.696,15.213
Indiana,2011,540292,729904,4108332,4,25,38,7.619,33.871,9.281
Iowa,2011,241228,346249,1956812,2,11,16,6.384,33.118,8.395
Kansas,2011,236049,321178,1772671,2,12,18,7.413,36.562,9.959
Kentucky,2011,339685,459703,2803041,3,17,31,7.773,38.018,11.068
Louisiana,2011,367339,524049,2841017,2,18,40,6.317,33.836,14.231
Maine,2011,96430,129601,918180,1,7,12,7.856,55.185,13.227
Maryland,2011,459636,628350,3789736,3,22,41,5.697,34.556,10.812
Massachusetts,2011,494412,768767,4368462,5,42,57,9.327,54.796,13.118
Michigan,2011,814217,1098296,6392662,6,39,67,7.859,35.661,10.405
Minnesota,2011,424745,570686,3457060,3,21,36,6.263,36.269,10.334
Mississippi,2011,248417,335677,1830270,2,8,23,7.122,24.229,12.372
Missouri,2011,475157,654561,3846810,3,22,37,7.064,33.91,9.657
Montana,2011,74042,107193,657558,1,6,6,11.141,55.077,9.827
Nebraska,2011,147027,205521,1153600,1,9,12,7.936,43.308,9.969
Nevada,2011,219786,282581,1757473,2,12,17,9.16,43.59,9.658
New Hampshire,2011,102838,138951,888797,1,10,11,8.445,72.66,12.593
New Jersey,2011,710612,876279,5826415,5,47,86,7.323,53.149,14.828
New Mexico,2011,169342,226502,1303353,2,13,20,12.706,57.205,15.4
New York,2011,1474700,2242476,12760358,11,126,211,7.465,56.244,16.505
North Carolina,2011,757390,1024771,6176978,6,44,75,8.432,42.943,12.158
North Dakota,2011,48873,91747,430829,0,3,4,6.941,34.994,8.149
Ohio,2011,929629,1230773,7466946,6,46,95,5.956,37.669,12.756
Oklahoma,2011,304074,423379,2358834,2,14,23,7.108,33.168,9.954
Oregon,2011,291972,409608,2575672,3,28,33,10.511,67.691,12.848
Pennsylvania,2011,964004,1405623,8405726,6,58,123,6.109,41.516,14.644
Rhode Island,2011,77839,132549,684237,1,9,14,7.986,68.236,20.163
South Carolina,2011,357301,513846,3005444,2,19,45,6.22,36.405,14.888
South Dakota,2011,64463,91190,516437,0,3,4,6.622,28.309,7.024
Tennessee,2011,504106,683640,4150263,4,24,46,7.634,35.484,11.113
Texas,2011,2265694,2919940,15484139,25,123,139,11.205,42.225,8.97
Utah,2011,268417,363323,1563689,2,15,20,7.427,41.597,12.842
Vermont,2011,45855,72804,422511,0,5,6,10.055,71.442,13.365
Virginia,2011,618558,885563,5187508,4,32,50,6.352,35.777,9.707
Washington,2011,528978,735790,4437371,4,36,51,7.846,49.509,11.408
West Virginia,2011,131265,189182,1253581,1,9,14,10.074,49.408,11.156
Wisconsin,2011,451821,617016,3706797,3,24,36,6.471,38.52,9.695
Wyoming,2011,42890,63165,364101,0,3,3,7.951,43.531,8.754
Alabama,2012,383469,536933,3094837,2,14,32,4.637,25.904,10.356
Alaska,2012,60264,82442,434523,0,4,5,6.545,44.445,11.633
Arizona,2012,540502,720761,4141839,6,44,70,11.34,60.759,16.888
Arkansas,2012,236508,318730,1873816,1,10,21,5.45,29.949,11.172
California,2012,3117442,4458805,24005740,25,278,361,7.861,62.297,15.047
Colorado,2012,402137,565276,3332461,4,46,66,8.844,81.358,19.678
Connecticut,2012,288704,376034,2375197,2,24,35,6.035,63.349,14.663
Delaware,2012,68333,102080,599773,0,5,8,4.842,47.418,13.224
District of Columbia,2012,30856,94677,424447,0,5,13,3.289,51.637,30.77
Florida,2012,1385416,1972330,13133353,10,102,189,6.917,51.505,14.397
Georgia,2012,831609,1100053,6155586,4,37,106,5.397,34.004,17.143
Hawaii,2012,97086,140225,896059,1,6,11,6.588,43.942,12.722
Idaho,2012,140843,173004,983206,1,6,8,4.911,33.405,8.258
Illinois,2012,1045769,1394500,8256950,5,54,124,4.648,38.599,15.029
Indiana,2012,541016,734767,4135390,3,30,42,5.712,41.09,10.061
Iowa,2012,241811,349004,1968010,1,13,20,5.878,36.856,10.407
Kansas,2012,237185,323430,1779494,1,11,19,5.802,35.529,10.716
Kentucky,2012,339960,464737,2815636,2,20,35,5.896,42.166,12.303
Louisiana,2012,367827,521917,2870080,2,18,46,5.987,33.896,16.101
Maine,2012,94988,128694,923093,1,6,10,5.762,50.131,10.994
Maryland,2012,457152,631368,3837914,2,24,46,5.182,38.046,11.909
Massachusetts,2012,491273,775063,4420226,4,46,79,7.42,59.941,17.916
Michigan,2012,805764,1107310,6419614,3,30,57,3.45,27.322,8.926
Minnesota,2012,424639,571439,3494114,2,19,38,4.972,33.47,10.767
Mississippi,2012,247257,337204,1839846,1,9,24,5.133,26.816,12.939
Missouri,2012,472889,655094,3869695,2,18,33,4.219,27.516,8.459
Montana,2012,73896,108999,663344,1,5,7,7.783,48.167,10.916
Nebraska,2012,148030,207051,1162770,1,7,11,5.244,35.637,9.342
Nevada,2012,221167,285463,1788826,1,11,21,6.408,39.133,11.728
New Hampshire,2012,101207,140004,894572,1,10,12,8.204,68.609,13.147
New Jersey,2012,706126,884775,5868068,5,45,76,6.505,50.437,12.919
New Mexico,2012,168112,228037,1308966,2,12,23,9.548,53.168,17.289
New York,2012,1456617,2243318,12875810,9,124,212,6.087,55.343,16.485
North Carolina,2012,764610,1041859,6254266,5,44,82,6.765,42.394,13.136
North Dakota,2012,49581,96345,439830,0,3,5,6.469,33.047,10.84
Ohio,2012,925827,1235683,7496795,4,49,100,4.722,39.787,13.309
Oklahoma,2012,306820,426492,2381640,1,13,21,4.339,29.793,8.864
Oregon,2012,292050,411744,2606713,2,24,33,7.885,58.23,12.674
Pennsylvania,2012,951880,1397926,8449649,4,57,122,4.467,40.632,14.415
Rhode Island,2012,76543,132076,687705,0,7,12,5.445,54.529,17.116
South Carolina,2012,359524,519243,3047485,2,19,42,4.918,37.157,13.752
South Dakota,2012,64901,92359,523437,0,3,5,5.007,27.212,8.716
Tennessee,2012,505317,692825,4187386,3,22,48,6.11,32.335,11.408
Texas,2012,2295567,2964444,15777963,17,119,162,7.445,40.214,10.238
Utah,2012,275660,367327,1593468,1,13,20,5.29,35.349,12.77
Vermont,2012,45030,73369,423650,0,5,6,8.245,63.484,13.715
Virginia,2012,619956,893349,5256298,3,30,67,4.994,33.94,12.812
Washington,2012,529852,738145,4498893,4,39,55,6.84,53.04,12.293
West Virginia,2012,130671,189908,1253753,1,7,14,5.364,39.256,11.501
Wisconsin,2012,449677,617207,3732300,2,21,44,4.854,34.744,11.679
Wyoming,2012,43516,63905,369343,0,2,3,6.173,38.761,8.981
Alabama,2013,382134,535409,3116298,2,17,31,4.213,30.935,10.056
Alaska,2013,59900,83456,435577,0,3,5,5.099,38.446,12.371
Arizona,2013,543484,732863,4218271,5,46,72,10.116,62.287,17.153
Arkansas,2013,236666,319372,1883371,1,8,14,4.105,25.397,7.204
California,2013,3080548,4469106,24421137,28,273,382,8.933,61.104,15.66
Colorado,2013,408429,575557,3398728,4,42,67,8.88,72.471,19.745
Connecticut,2013,286281,381473,2382534,2,25,39,6.14,66.629,16.376
Delaware,2013,67991,101239,610148,0,5,9,4.938,52.061,14.416
District of Columbia,2013,30551,93509,435643,0,5,14,3.927,54.388,32.591
Florida,2013,1390131,1980707,13387121,10,110,211,7.315,55.342,15.788
Georgia,2013,838199,1108195,6240700,4,33,81,4.709,29.558,13.041
Hawaii,2013,96971,140686,904925,0,6,11,4.903,42.429,12.417
Idaho,2013,142945,173361,999689,1,5,7,4.356,31.122,6.631
Illinois,2013,1033794,1394857,8297420,6,63,116,5.378,45.084,13.974
Indiana,2013,541174,740165,4164196,2,28,35,4.584,38.052,8.424
Iowa,2013,242393,352842,1979684,1,14,18,4.953,38.637,9.138
Kansas,2013,237609,325999,1786820,2,12,18,6.449,37.967,10.351
Kentucky,2013,340101,470972,2832115,2,20,35,5.635,42.256,12.486
Louisiana,2013,367862,519036,2899670,2,16,44,4.807,30.259,15.184
Maine,2013,93811,127380,928319,0,6,10,5.087,47.899,10.291
Maryland,2013,455684,629854,3882314,2,23,42,4.003,36.048,10.892
Massachusetts,2013,488765,782118,4469726,3,49,82,6.526,62.657,18.37
Michigan,2013,797647,1114774,6446918,3,35,49,3.305,31.634,7.661
Minnesota,2013,425247,571816,3529926,2,21,33,4.621,35.957,9.38
Mississippi,2013,245600,338718,1849489,1,6,17,3.273,19.032,8.948
Missouri,2013,470976,656394,3894492,2,22,33,3.986,33.477,8.51
Montana,2013,74121,110655,669411,0,4,6,4.888,35.281,9.208
Nebraska,2013,149327,209508,1171452,1,7,10,4.517,34.514,8.396
Nevada,2013,221704,287435,1826942,2,12,24,6.864,41.817,13.081
New Hampshire,2013,99717,141165,900190,1,12,15,8.391,84.895,17.211
New Jersey,2013,701644,890874,5907201,3,36,60,4.713,40.317,10.154
New Mexico,2013,166639,228647,1314755,1,14,22,8.385,59.713,16.66
New York,2013,1440280,2239134,12988411,10,120,250,7.108,53.512,19.278
North Carolina,2013,771607,1054654,6339066,4,42,71,5.141,40.27,11.184
North Dakota,2013,50733,100601,448656,0,3,4,4.665,31.792,9.467
Ohio,2013,922292,1235723,7534236,4,47,83,4.47,37.871,11.071
Oklahoma,2013,309426,429192,2404755,1,13,16,3.735,30.038,6.731
Oregon,2013,291323,413626,2641759,2,25,39,8.533,61.304,14.892
Pennsylvania,2013,941238,1382616,8494600,5,58,103,4.842,41.65,12.095
Rhode Island,2013,75717,131028,692945,0,8,10,5.685,58.466,14.247
South Carolina,2013,362044,521862,3096686,1,15,29,3.829,28.167,9.332
South Dakota,2013,65627,93403,529318,0,2,4,3.861,24.356,6.999
Tennessee,2013,506479,700245,4226870,2,23,35,4.17,32.503,8.21
Texas,2013,2327085,3010183,16119667,14,111,159,5.831,36.723,9.866
Utah,2013,282277,372803,1623929,1,12,12,3.595,32.425,7.166
Vermont,2013,44408,73820,424696,0,5,6,7.838,73.722,15.074
Virginia,2013,622264,896567,5318077,3,34,71,5.125,37.426,13.306
Washington,2013,530795,741218,4566571,4,41,67,7.262,55.397,14.731
West Virginia,2013,129873,190362,1252711,1,7,11,4.481,36.202,8.845
Wisconsin,2013,448046,620976,3753413,3,29,56,7.527,45.959,14.948
Wyoming,2013,44128,63910,371861,0,2,3,5.791,38.831,8.213
Alabama,2014,380801,530600,3138127,2,17,31,4.102,32.04,9.905
Alaska,2014,59194,83247,438664,0,4,7,6.543,47.936,16.374
Arizona,2014,546470,741492,4307838,5,51,72,8.493,69.213,16.692
Arkansas,2014,236359,318914,1895228,1,9,16,4.815,28.904,8.357
California,2014,3054845,4457598,24866806,29,263,407,9.431,59.107,16.349
Colorado,2014,415441,587313,3473655,4,51,69,9.786,86.234,19.722
Connecticut,2014,283053,385831,2387658,2,29,43,6.675,76.033,17.967
Delaware,2014,68597,99525,621612,0,6,11,5.59,63.551,17.342
District of Columbia,2014,30707,93667,444939,0,5,13,3.447,55.956,28.806
Florida,2014,1399768,1984453,13702886,9,117,199,6.475,59.11,14.505
Georgia,2014,846476,1114618,6338910,4,43,95,5.136,38.543,15.063
Hawaii,2014,96910,140448,916539,1,7,14,7.631,52.061,14.963
Idaho,2014,144818,174351,1017451,1,6,7,5.694,35.911,6.668
Illinois,2014,1023238,1388172,8326464,6,67,121,6.023,48.074,14.49
Indiana,2014,540670,742735,4189743,3,29,36,5.117,39.13,8.575
Iowa,2014,242812,356929,1990458,1,13,13,4.72,36.277,6.711
Kansas,2014,237562,328661,1795749,1,12,15,6.119,35.902,8.152
Kentucky,2014,339643,472877,2847963,2,22,34,5.622,47.376,11.875
Louisiana,2014,367670,513576,2928109,2,19,46,4.41,36.051,15.748
Maine,2014,92645,125931,932783,1,8,12,6.546,64.145,12.685
Maryland,2014,454564,625779,3923318,2,23,50,4.597,36.614,12.835
Massachusetts,2014,488093,788758,4519295,3,57,81,7.06,72.849,17.942
Michigan,2014,788717,1114570,6479469,3,40,61,4.437,35.612,9.41
Minnesota,2014,425999,571903,3562031,2,28,39,5.675,48.528,10.951
Mississippi,2014,244465,337215,1859652,1,6,17,3.566,18.345,9.381
Missouri,2014,470263,656687,3918803,2,27,39,4.884,41.186,9.84
Montana,2014,74378,111496,676207,0,5,7,6.226,46.5,10.627
Nebraska,2014,151059,211662,1179809,1,8,12,5.561,39.918,10.039
Nevada,2014,222788,288699,1872598,2,12,21,7.157,41.602,11.373
New Hampshire,2014,98378,142433,905672,1,15,19,8.257,105.438,21.316
New Jersey,2014,697509,894294,5945550,4,41,84,6.035,45.529,14.186
New Mexico,2014,165438,227077,1322519,1,13,18,8.197,59.342,13.751
New York,2014,1427531,2228431,13092078,10,140,274,7.31,62.869,20.957
North Carolina,2014,777550,1062442,6428523,4,54,90,5.329,51.204,13.98
North Dakota,2014,51690,103308,457339,0,4,3,5.628,34.525,7.438
Ohio,2014,917272,1229015,7573265,5,52,84,5.029,42.367,11.059
Oklahoma,2014,312268,431096,2427465,2,15,18,5.025,35.816,7.455
Oregon,2014,291273,414709,2686806,2,28,42,7.994,68.115,15.67
Pennsylvania,2014,934275,1364517,8539968,5,64,106,5.404,47.132,12.426
Rhode Island,2014,75156,129467,698360,1,10,12,7.377,76.44,17.658
South Carolina,2014,365128,520055,3154439,2,23,41,4.977,44.183,12.985
South Dakota,2014,65789,93308,534674,0,3,4,4.867,31.518,7.12
Tennessee,2014,507891,703134,4272566,3,30,51,5.444,42.217,11.913
Texas,2014,2361420,3057833,16501892,16,128,166,6.964,41.853,10.045
Utah,2014,288637,379132,1657347,1,10,9,3.992,27.33,5.303
Vermont,2014,43770,74221,425449,0,7,7,8.112,93.272,17.011
Virginia,2014,624487,896614,5378367,3,31,51,4.602,34.997,9.483
Washington,2014,530669,745679,4652511,4,40,65,6.729,53.908,13.996
West Virginia,2014,129363,188612,1251012,1,10,13,5.857,53.229,10.746
Wisconsin,2014,446438,624460,3771577,3,31,43,7.21,49.635,11.339
Wyoming,2014,44151,63351,373558,0,2,3,5.567,37.366,6.795
Alabama,2015,378330,522750,3159474,1,15,32,3.3,29.587,10.232
Alaska,2015,59083,80112,444143,1,5,7,8.938,58.26,16.102
Arizona,2015,548504,746271,4399565,4,46,67,7.884,62.158,15.208
Arkansas,2015,236654,317993,1908182,1,10,19,4.664,31.505,10.063
California,2015,3039214,4399955,25184187,23,315,452,7.547,71.623,17.955
Colorado,2015,421468,596535,3551363,4,49,57,10.116,81.811,16.186
Connecticut,2015,279545,388177,2387609,2,35,39,6.216,90.725,16.208
Delaware,2015,69164,97254,632438,0,6,9,4.112,60.972,14.573
District of Columbia,2015,30813,93701,453192,0,6,14,1.838,67.546,30.029
Florida,2015,1405801,1971645,14028654,6,105,171,4.496,53.479,12.199
Georgia,2015,855245,1112080,6443651,3,51,106,3.639,46.1,16.412
Hawaii,2015,96573,135482,926174,1,7,15,8.393,50.052,16.509
Idaho,2015,146791,175145,1038291,1,7,9,8.265,38.421,8.824
Illinois,2015,1015317,1372755,8331898,5,68,113,5.348,49.241,13.613
Indiana,2015,539568,743107,4212004,3,29,40,5.27,39.44,9.603
Iowa,2015,243253,359178,1999854,1,13,16,5.844,37.521,8.036
Kansas,2015,237647,327480,1803253,2,13,15,6.334,38.311,8.446
Kentucky,2015,339903,471060,2865061,2,24,35,5.869,50.853,12.059
Louisiana,2015,367464,503266,2954805,1,22,41,2.904,44.069,14.04
Maine,2015,91487,124761,936729,1,8,12,8.64,64.399,12.955
Maryland,2015,453674,617785,3951408,2,32,56,3.62,52.552,14.238
Massachusetts,2015,487249,792216,4556470,4,72,88,7.308,90.748,19.35
Michigan,2015,779507,1108537,6511669,3,42,76,4.431,37.941,11.663
Minnesota,2015,427687,572944,3589691,3,32,47,6.985,55.322,12.997
Mississippi,2015,244221,331045,1870263,1,9,22,2.505,26.629,11.575
Missouri,2015,469494,652575,3941380,2,25,38,4.776,39.049,9.528
Montana,2015,74427,111264,684598,1,6,9,10.808,57.108,12.452
Nebraska,2015,152704,213106,1187602,1,10,11,6.189,44.849,9.519
Nevada,2015,224147,287409,1916967,1,14,29,6.602,48.217,15.316
New Hampshire,2015,96774,142696,911511,1,15,15,11.279,108.404,16.892
New Jersey,2015,694182,892114,5965066,4,59,82,5.526,66.267,13.809
New Mexico,2015,165412,223662,1329649,2,12,19,9.561,54.249,13.953
New York,2015,1416226,2197628,13150285,6,127,265,4.522,57.674,20.146
North Carolina,2015,783879,1053931,6532379,3,60,94,3.913,56.67,14.465
North Dakota,2015,52111,102161,463569,0,4,3,8.063,38.44,7.168
Ohio,2015,909989,1220151,7605364,4,59,98,4.816,48.603,12.861
Oklahoma,2015,314698,428910,2448662,2,18,25,5.335,41.67,10.288
Oregon,2015,291584,417950,2739602,3,33,50,10.015,79.603,18.326
Pennsylvania,2015,928154,1344620,8572327,5,70,127,5.622,52.175,14.82
Rhode Island,2015,74286,127975,702577,1,11,13,8.432,89.048,18.776
South Carolina,2015,367649,515200,3219369,1,27,41,3.438,53.081,12.618
South Dakota,2015,66117,92977,539708,0,3,5,7.477,36.523,8.532
Tennessee,2015,508573,700709,4323137,2,33,58,4.862,46.573,13.517
Texas,2015,2395358,3083498,16842117,14,145,157,5.732,46.9,9.331
Utah,2015,294912,387120,1695021,2,14,14,8.138,35.328,8.511
Vermont,2015,42936,74732,425544,0,8,8,11.428,108.254,18.402
Virginia,2015,626833,888046,5430166,3,38,62,4.271,43.059,11.455
Washington,2015,532127,745740,4751278,4,43,70,7.874,57.467,14.675
West Virginia,2015,128587,185094,1248039,1,10,13,6.969,52.855,10.794
Wisconsin,2015,445564,626320,3787384,3,27,37,6.761,43.403,9.737
Wyoming,2015,44091,62125,375070,0,3,3,9.832,48.134,9.146
Alabama,2016,375632,515697,3179298,1,20,45,3.588,38.351,14.149
Alaska,2016,58821,75809,450641,0,4,9,7.089,57.566,19.53
Arizona,2016,551089,747345,4489709,4,44,75,6.554,58.466,16.701
Arkansas,2016,236782,316285,1922394,1,12,24,5.147,37.537,12.267
California,2016,3033914,4323156,25492189,21,345,523,6.855,79.883,20.518
Colorado,2016,425994,591983,3629008,3,49,72,7.913,83.172,19.847
Connecticut,2016,276122,389201,2395872,2,33,50,6.026,83.633,20.75
Delaware,2016,69477,95499,642469,0,6,10,3.679,61.95,15.79
District of Columbia,2016,31164,90630,463974,0,6,19,2.234,69.979,40.963
Florida,2016,1415667,1960092,14351670,6,122,218,4.482,62.195,15.185
Georgia,2016,862534,1106098,6555271,3,49,96,3.356,44.508,14.643
Hawaii,2016,95796,128416,934643,1,7,14,5.845,52.206,15.468
Idaho,2016,149626,177049,1062401,1,8,10,6.579,42.39,9.876
Illinois,2016,1006653,1352935,8352680,5,79,124,4.772,58.361,14.867
Indiana,2016,538403,741896,4240275,3,42,60,5.48,57.25,14.056
Iowa,2016,244029,359493,2008814,1,16,20,5.459,45.278,9.904
Kansas,2016,237420,324503,1811408,1,16,20,5.522,48.922,11.26
Kentucky,2016,340232,468636,2883972,2,22,35,5.379,47.395,12.099
Louisiana,2016,365494,491237,2976965,1,18,36,2.765,36.923,11.94
Maine,2016,90519,124197,942340,1,8,13,7.038,66.191,13.343
Maryland,2016,453829,609069,3982694,2,38,67,3.486,62.041,16.857
Massachusetts,2016,484894,792371,4598419,3,74,102,6.355,93.468,22.221
Michigan,2016,770605,1100969,6555498,3,52,87,4.422,47.484,13.339
Minnesota,2016,431266,574516,3625172,2,28,49,5.667,47.887,13.494
Mississippi,2016,243347,325383,1879442,1,9,22,2.449,29.046,11.48
Missouri,2016,467819,644888,3967539,2,29,50,4.687,44.358,12.623
Montana,2016,74636,110413,693178,1,6,10,8.914,58.122,13.926
Nebraska,2016,154318,213416,1196562,1,12,13,5.993,56.549,11.11
Nevada,2016,226449,285045,1964559,1,17,40,6.214,58.313,20.195
New Hampshire,2016,95517,142276,920285,1,13,12,8.886,88.124,13.154
New Jersey,2016,691607,890578,6001097,3,58,80,4.904,64.769,13.413
New Mexico,2016,165925,220697,1338531,1,12,21,7.403,55.818,15.863
New York,2016,1403019,2156021,13244748,6,125,283,4.437,57.929,21.336
North Carolina,2016,789194,1047806,6651709,3,54,100,4.044,51.738,15.073
North Dakota,2016,52376,97469,466368,0,5,4,6.13,46.787,9.647
Ohio,2016,902125,1214375,7643985,5,63,105,5.004,51.702,13.722
Oklahoma,2016,316132,423784,2464143,2,23,30,4.755,53.868,12.228
Oregon,2016,292642,417821,2791313,3,37,64,10.072,88.588,23.026
Pennsylvania,2016,922209,1328664,8602887,5,74,136,5.356,55.66,15.83
Rhode Island,2016,73649,127226,707314,1,10,14,7.036,76.784,19.693
South Carolina,2016,370519,510357,3284833,1,30,49,3.833,59.512,15
South Dakota,2016,67066,92382,544008,0,3,4,5.641,34.504,8.163
Tennessee,2016,509963,694756,4382664,3,37,65,4.961,52.641,14.919
Texas,2016,2431437,3086931,17182224,11,136,186,4.553,44.218,10.835
Utah,2016,300510,392070,1736486,2,18,21,6.897,46.698,12.253
Vermont,2016,42109,74469,426296,0,9,10,9.268,122.375,22.32
Virginia,2016,628617,877876,5486815,3,46,86,4.293,52.626,15.668
Washington,2016,536155,739948,4859213,4,48,91,7.045,65.224,18.665
West Virginia,2016,127201,181138,1242852,1,9,16,6.075,50.739,12.59
Wisconsin,2016,444929,625910,3806407,3,39,57,5.829,61.921,14.959
Wyoming,2016,44231,59736,375321,0,3,4,8.266,48.286,11.71
Alabama,2017,373065,510012,3201636,1,23,45,3.843,44.875,14.012
Alaska,2017,58106,73343,454286,0,4,9,4.52,50.92,19.468
Arizona,2017,556478,753929,4599057,3,42,72,5.543,55.103,15.617
Arkansas,2017,236702,314368,1937651,1,12,22,4.789,37.278,11.315
California,2017,3026428,4250955,25769686,15,326,585,5.08,76.794,22.708
Colorado,2017,430432,587460,3708548,3,68,109,7.755,116.361,29.364
Connecticut,2017,272254,387595,2405282,1,24,38,4.134,61.692,15.767
Delaware,2017,69413,94216,651806,0,6,11,3.721,68.806,17.213
District of Columbia,2017,31570,87525,474297,0,6,20,2.639,74.033,42.607
Florida,2017,1431798,1961154,14656396,7,119,235,4.812,60.846,16.03
Georgia,2017,866242,1105245,6661559,3,51,103,3.436,46.359,15.443
Hawaii,2017,95447,123940,938835,0,7,16,3.531,60.241,17.504
Idaho,2017,152823,180549,1089805,1,7,11,5.475,39.577,10.51
Illinois,2017,995426,1331211,8380092,5,81,153,5.02,60.695,18.29
Indiana,2017,537556,738014,4276407,3,48,67,6.279,65.313,15.706
Iowa,2017,245032,357855,2020666,1,17,21,4.91,46.931,10.234
Kansas,2017,237064,322476,1819258,1,16,22,5.512,48.714,12.022
Kentucky,2017,340220,465663,2903588,2,23,39,5.065,49.234,13.523
Louisiana,2017,361940,479234,2987835,1,19,37,3.06,39.679,12.483
Maine,2017,89705,122655,948984,1,9,14,6.253,75.368,14.599
Maryland,2017,452456,600019,4007455,1,32,64,3.004,53.192,15.899
Massachusetts,2017,481835,793182,4649494,3,72,98,5.409,90.333,21.098
Michigan,2017,762352,1091893,6612857,3,66,95,4.561,60.187,14.356
Minnesota,2017,434904,572931,3665430,2,38,72,5.158,66.465,19.595
Mississippi,2017,241768,322550,1887440,1,10,25,3.171,32.473,13.157
Missouri,2017,466292,635726,3997148,2,26,46,4.226,41.376,11.391
Montana,2017,75436,110155,702611,0,7,10,6.517,61.24,13.837
Nebraska,2017,155993,212817,1206583,1,13,15,5.424,61.963,12.343
Nevada,2017,229143,283377,2008499,1,17,39,5.42,58.401,19.576
New Hampshire,2017,94983,141804,933100,1,15,16,8.039,106.514,17.044
New Jersey,2017,684290,880024,6010331,2,38,71,3.36,42.682,11.876
New Mexico,2017,165877,219023,1351993,1,13,22,6.656,58.583,16.567
New York,2017,1375507,2093893,13260774,5,144,290,3.946,68.801,21.833
North Carolina,2017,791658,1058797,6764669,3,51,104,4.286,48.597,15.426
North Dakota,2017,53301,94024,469643,0,4,5,4.528,45.218,9.955
Ohio,2017,896066,1210058,7695525,4,60,91,4.419,49.88,11.851
Oklahoma,2017,317113,419663,2479838,2,25,36,5.07,58.799,14.636
Oregon,2017,294160,416018,2839447,2,40,67,8.032,97.192,23.589
Pennsylvania,2017,916014,1313052,8642237,5,87,139,5.312,65.999,16.128
Rhode Island,2017,73039,125273,711511,0,9,14,5.62,73.409,19.856
South Carolina,2017,373712,507495,3345950,2,32,54,4.577,62.379,16.179
South Dakota,2017,68252,92097,550564,0,3,4,4.264,36.022,8.173
Tennessee,2017,511356,690281,4443021,2,35,69,4.693,50.244,15.475
Texas,2017,2463690,3098890,17545587,11,124,194,4.422,39.89,11.039
Utah,2017,306536,398120,1780017,2,18,21,5.203,45.178,11.565
Vermont,2017,41544,74251,428613,0,8,10,8.127,110.644,23.457
Virginia,2017,629286,874127,5542540,2,45,80,3.696,51.95,14.522
Washington,2017,541234,736912,4970994,3,50,100,6.301,68.516,20.116
West Virginia,2017,125736,177588,1238942,1,9,18,6.142,52.696,14.525
Wisconsin,2017,443580,622050,3833603,3,43,67,5.978,69.826,17.382
Wyoming,2017,44389,57838,375569,0,2,4,5.406,42.253,9.52
Alabama,2018,371033,505103,3225318,1,21,51,3.137,41.327,15.847
Alaska,2018,57444,71183,455906,0,4,8,4.665,50.901,17.784
Arizona,2018,562546,763917,4715857,3,41,67,4.839,53.059,14.111
Arkansas,2018,237382,312348,1949363,1,10,17,3.627,30.528,8.947
California,2018,3017701,4174962,25917724,16,322,572,5.185,77.052,22.073
Colorado,2018,433719,589317,3782655,3,65,130,6.401,109.813,34.458
Connecticut,2018,268807,383297,2408141,1,24,36,3.738,62.094,14.99
Delaware,2018,69325,92525,659878,0,6,12,3.077,66.328,17.942
District of Columbia,2018,31910,86420,479448,0,6,18,2.14,64.54,37.527
Florida,2018,1439529,1956426,14896983,5,99,211,3.588,50.74,14.138
Georgia,2018,868842,1107324,6756292,2,38,85,2.538,34.09,12.602
Hawaii,2018,95153,120820,939985,0,7,20,4.262,61.164,21.337
Idaho,2018,155001,183511,1119507,1,7,12,5.737,40.141,10.399
Illinois,2018,984930,1308622,8378609,4,62,158,4.016,47.677,18.835
Indiana,2018,537380,736727,4312382,3,34,51,5.028,46.309,11.912
Iowa,2018,245846,353673,2032017,1,16,21,4.675,45.074,10.329
Kansas,2018,237062,320289,1827127,1,16,31,5.448,51.114,17.065
Kentucky,2018,339761,461868,2917791,2,21,50,4.468,46.095,17
Louisiana,2018,360378,468361,2992047,1,22,46,2.553,47.722,15.322
Maine,2018,89221,121181,955772,1,9,14,5.617,72.549,14.242
Maryland,2018,450671,590912,4017859,1,26,60,2.658,44.141,15.019
Massachusetts,2018,477554,788962,4680619,2,55,76,4.224,69.831,16.331
Michigan,2018,753613,1077222,6657456,3,64,88,3.677,59.281,13.146
Minnesota,2018,438045,568703,3698785,2,34,65,4.306,59.439,17.562
Mississippi,2018,241623,316108,1894943,1,11,26,2.518,34.478,13.625
Missouri,2018,465766,627312,4022731,2,26,40,3.83,41.172,10.02
Montana,2018,76259,109604,712413,0,8,11,6.136,69.199,15.342
Nebraska,2018,157259,211523,1215009,1,13,14,4.994,59.279,11.251
Nevada,2018,231765,283278,2046371,1,21,48,5.33,74.119,23.468
New Hampshire,2018,94278,140227,945381,1,13,18,6.116,92.342,18.573
New Jersey,2018,675646,860848,5989388,2,41,76,3.176,47.726,12.7
New Mexico,2018,165707,216551,1364936,1,11,21,6.512,49.764,15.286
New York,2018,1348363,2031273,13191928,4,131,282,3.223,64.42,21.374
North Carolina,2018,793730,1067047,6865689,3,55,111,3.34,51.701,16.171
North Dakota,2018,54491,91846,473049,0,4,5,4.789,44.136,9.799
Ohio,2018,889700,1200403,7734940,3,59,109,3.652,48.921,14.126
Oklahoma,2018,318276,417957,2497934,1,18,34,4.102,42.448,13.438
Oregon,2018,295052,415291,2880798,2,35,67,6.613,84.12,23.241
Pennsylvania,2018,910130,1292868,8675385,4,82,148,4.287,63.491,17.083
Rhode Island,2018,72481,122890,714973,0,8,12,4.287,66.633,16.654
South Carolina,2018,377471,504595,3407157,1,21,41,2.77,40.638,12.059
South Dakota,2018,69325,91692,557354,0,3,4,4.447,35.675,7.694
Tennessee,2018,513011,687939,4497884,2,25,61,3.581,35.72,13.483
Texas,2018,2485959,3116800,17862401,11,128,207,4.432,41.184,11.563
Utah,2018,312345,406023,1821899,2,15,16,5.158,36.51,8.808
Vermont,2018,41066,73777,430733,0,7,10,6.816,90.882,22.509
Virginia,2018,629725,869285,5581639,2,45,80,3.077,52.012,14.339
Washington,2018,545968,738052,5065742,3,46,95,5.256,62.189,18.748
West Virginia,2018,124659,174236,1235448,1,8,16,5.065,47.575,12.683
Wisconsin,2018,442510,615930,3861670,2,34,64,5.528,55.373,16.536
Wyoming,2018,44908,57395,377084,0,3,4,6.164,58.258,11.552